<?xml version="1.0" encoding="UTF-8" ?>
<!DOCTYPE mapper PUBLIC "-//mybatis.org//DTD Mapper 3.0//EN" "http://mybatis.org/dtd/mybatis-3-mapper.dtd" >
<mapper namespace="per.xiaozhi.mapper.clazzMapper">
    <!-- 验证登录信息是否正确 clazz login(LoginForm loginForm);-->
    <select id="login" parameterType="loginForm" resultType="admin" >
        select
         id,
        name,
        gender,
        password,
        email,
        telephone,
        address,
        portraitPath
        from ssm_student.tb_admin where 1=1
         <if test="name != null and name !='' ">
             and name=#{name}
         </if>
        <if test="password != null and password !='' ">
            and password=#{password}
        </if>

    </select>

    <!--通过姓名查询指定管理员信息 clazz findByName(String name)-->
    <select id="findByName" parameterType="String" resultType="admin">
        select
        id,
        name,
        gender,
        password,
        email,
        telephone,
        address,
        portraitPath
        from ssm_student.tb_admin where 1=1
        <if test="name != null and name !='' ">
            and name=#{name }
        </if>
    </select>
    <!-- 添加管理员信息 -->
    <insert id="insert" parameterType="admin">
         insert into ssm_student.tb_admin (name,gender,password,email,telephone,address,portraitPath)
         values (#{name}, #{gender}, #{password}, #{email}, #{telephone}, #{address}, #{portraitPath})
    </insert>
    <!-- 根据姓名模糊查询指定/所有管理员信息 列表 -->
    <select id="selectList" parameterType="admin" resultType="admin">
        SELECT id, name, gender, password, email, telephone, address, portraitPath
        FROM ssm_student.tb_admin
        <where>
            <!-- name为clazz中的属性名(在Controller层中已将查询的姓名封装到了clazz中的name属性中) -->
            <if test="name!=null and name!=''">
                AND name LIKE concat(concat('%',#{name}),'%')
            </if>
        </where>
    </select>
    <!-- // 根据id更新指定管理员信息   int update(clazz clazz);-->
    <update id="update" parameterType="admin">
        update ssm_student.tb_admin
        <set>
            <if test="name!=null and name!=''">name=#{name},</if>
            <if test="gender!=null and gender!=''">gender=#{gender},</if>
            <if test="email!=null and email!=''">email=#{email},</if>
            <if test="telephone!=null and telephone!=''">telephone=#{telephone},</if>
            <if test="address!=null and address!=''">address=#{address},</if>
            <if test="portraitPath!=null and portraitPath!=''">portraitPath=#{portraitPath},</if>
        </set>
        where id = #{id}

    </update>
    <!--  根据id修改指定管理员密码int updatePassword(clazz clazz);-->
    <update id="updatePassword" parameterType="admin">
        update ssm_student.tb_admin
        <set>
            <if test="password!=null and password!=''">
                password=#{password}
            </if>
        </set>
        <where>
            <if test="id != null and id != ''">
                and id = #{id}
            </if>
        </where>
    </update>
    <!-- 根据id删除管理员信息 -->
    <delete id="deleteById">
        DELETE FROM ssm_student.tb_admin WHERE id=#{id}
    </delete>
</mapper>