<?xml version="1.0" encoding="UTF-8" ?>
<!DOCTYPE mapper PUBLIC "-//mybatis.org//DTD Mapper 3.0//EN" "http://mybatis.org/dtd/mybatis-3-mapper.dtd" >
<mapper namespace="per.xiaozhi.mapper.ClazzMapper">
<!--根据班级名称获取指定/全部班级信息列表List<Clazz> selectList(Clazz clazz)-->
    <select id="selectList" parameterType="clazz" resultType="java.util.List">
        SELECT id, name, number, introduction, teacherName, email, telephone, gradeName FROM ssm_student.tb_clazz
        <where>
            <if test="gradeName!=null and gradeName!=''">
                AND gradeName = #{gradeName}
            </if>
            <if test="name!=null and name!=''">
                AND name LIKE concat(concat('%',#{name}),'%')
            </if>
        </where>
    </select>

    <!--查询所有班级列表信息(用于在学生管理页面中获取班级信息)List<Clazz> selectAll();-->
    <select id="selectAll" >
        SELECT id, name, number, introduction, teacherName, email, telephone, gradeName FROM ssm_student.tb_clazz
    </select>
    <!-- 查询指定名称的班级信息 -->
    <select id="findByName" parameterType="String" resultType="clazz">
        SELECT id, name, number, introduction, teacherName, email, telephone, gradeName
        FROM tb_clazz
        WHERE name = #{name}
    </select>
    <!-- 添加班级信息 -->
    <insert id="insert" parameterType="clazz">
        INSERT INTO ssm_student.tb_clazz(name, number, introduction, teacherName, email, telephone, gradeName)
        VALUES (#{name}, #{number}, #{introduction}, #{teacherName}, #{email}, #{telephone}, #{gradeName})
    </insert>

    <!-- 指定id修改指定班级信息 -->
    <update id="update" parameterType="clazz">
        UPDATE ssm_student.tb_clazz
        SET name=#{name},
            number=#{number},
            introduction=#{introduction},
            teacherName=#{teacherName},
            email=#{email},
            telephone=#{telephone},
            gradeName=#{gradeName}
        WHERE id = #{id}
    </update>

    <!-- 根据id批量删除指定的班级信息 -->
    <delete id="deleteById">
        DELETE FROM ssm_student.tb_clazz WHERE id=#{id}
    </delete>
</mapper>